{
    "generated_by": "get-jobs.php",
    "user_id": "176958231508315575",
    "counts": {
        "tp": 2,
        "tn": 0,
        "fp": 1,
        "fn": 6
    },
    "accuracy": 0.222222,
    "precision": 0.666667,
    "recall": 0.25,
    "f1": 0.363636
}