{
    "generated_by": "get-jobs.php",
    "user_id": "176426880764812252",
    "counts": {
        "tp": 5,
        "tn": 0,
        "fp": 0,
        "fn": 4
    },
    "accuracy": 0.555556,
    "precision": 1,
    "recall": 0.555556,
    "f1": 0.714286
}