{
    "generated_by": "get-jobs.php",
    "user_id": "176426880764812252",
    "counts": {
        "tp": 2,
        "tn": 2,
        "fp": 1,
        "fn": 1
    },
    "accuracy": 0.666667,
    "precision": 0.666667,
    "recall": 0.666667,
    "f1": 0.666667
}