{
    "generated_by": "get-jobs.php",
    "user_id": "176801997678959227",
    "counts": {
        "tp": 1,
        "tn": 0,
        "fp": 0,
        "fn": 5
    },
    "accuracy": 0.166667,
    "precision": 1,
    "recall": 0.166667,
    "f1": 0.285714
}