{
    "generated_by": "get-jobs.php",
    "user_id": "177154557202519479",
    "counts": {
        "tp": 4,
        "tn": 0,
        "fp": 0,
        "fn": 5
    },
    "accuracy": 0.444444,
    "precision": 1,
    "recall": 0.444444,
    "f1": 0.615385
}